episode_rewards,episode_lengths
44.008286118507385,50
43.594941556453705,50
43.819664776325226,50
43.65199649333954,50
43.56952404975891,50
43.59026575088501,50
43.672031700611115,50
42.91034382581711,50
43.71794891357422,50
43.657108426094055,50
