episode_rewards,episode_lengths
37.744281113147736,50
32.08670148253441,50
38.47929859161377,50
24.043496042490005,50
30.44074296951294,50
