episode_rewards,episode_lengths
47.50482934713364,50
47.56407982110977,50
47.3759400844574,50
47.46360945701599,50
47.1223880648613,50
47.463796973228455,50
47.18335312604904,50
47.3789644241333,50
47.35980707406998,50
47.42790496349335,50
