episode_rewards,episode_lengths
44.84216088056564,50
30.917855948209763,50
43.67816650867462,50
19.787995100021362,50
29.261110365390778,50
