episode_rewards,episode_lengths
42.73497986793518,50
43.07577210664749,50
43.01372814178467,50
43.29281389713287,50
43.148815989494324,50
43.24796915054321,50
43.12474209070206,50
43.205486714839935,50
43.17219305038452,50
43.1134689450264,50
