episode_rewards,episode_lengths
43.28872191905975,50
33.134887516498566,50
44.1403985619545,50
18.295618563890457,50
25.364166229963303,50
