episode_rewards,episode_lengths
37.50082007050514,50
26.66358806192875,50
36.6904274225235,50
16.646659195423126,50
28.234911262989044,50
