episode_rewards,episode_lengths
46.28753960132599,50
46.18581157922745,50
46.861440539360046,50
47.173716366291046,50
46.850174605846405,50
46.91725271940231,50
47.03689968585968,50
47.11497461795807,50
47.34293311834335,50
47.26989281177521,50
