episode_rewards,episode_lengths
46.385646641254425,50
46.751905024051666,50
46.77951538562775,50
46.74063694477081,50
46.79950797557831,50
47.0901517868042,50
47.18419945240021,50
47.02683091163635,50
47.1615075469017,50
47.11993247270584,50
