episode_rewards,episode_lengths
44.78254020214081,50
32.77607700228691,50
44.39509892463684,50
18.216858863830566,50
27.84619975090027,50
