episode_rewards,episode_lengths
39.37311673164368,50
41.217820912599564,50
41.15467283129692,50
39.26652792096138,50
40.37902933359146,50
