episode_rewards,episode_lengths
47.409226298332214,50
47.393083333969116,50
47.798770904541016,50
48.07188731431961,50
48.16070532798767,50
48.062896370887756,50
47.349793791770935,50
48.1128865480423,50
47.92643791437149,50
47.75294083356857,50
