episode_rewards,episode_lengths
39.424999356269836,50
39.79497629404068,50
39.89721941947937,50
40.10705894231796,50
40.466163873672485,50
40.57576280832291,50
40.48690313100815,50
40.0504412651062,50
40.09607446193695,50
40.31404227018356,50
