episode_rewards,episode_lengths
44.23894113302231,50
26.60988077521324,50
44.04604169726372,50
17.25346004962921,50
26.660197377204895,50
