episode_rewards,episode_lengths
43.67707484960556,50
34.81127402186394,50
42.977701395750046,50
22.866400480270386,50
31.8538738489151,50
