episode_rewards,episode_lengths
37.91967350244522,50
37.94214540719986,50
37.79140496253967,50
37.94642645120621,50
37.841730415821075,50
37.97317552566528,50
37.910470366477966,50
37.8956561088562,50
37.90674090385437,50
37.845104813575745,50
