episode_rewards,episode_lengths
45.63890242576599,50
45.643142342567444,50
45.34992951154709,50
45.63942354917526,50
45.2879296541214,50
45.15681195259094,50
45.11523461341858,50
45.22201383113861,50
45.51530450582504,50
45.59099870920181,50
