episode_rewards,episode_lengths
49.446222484111786,50
49.396427154541016,50
49.411207020282745,50
49.65129941701889,50
49.557417035102844,50
49.51249802112579,50
49.50233441591263,50
49.248798072338104,50
49.64970147609711,50
49.600755512714386,50
