episode_rewards,episode_lengths
47.98462814092636,50
48.54105317592621,50
48.319211542606354,50
48.391000628471375,50
48.40911042690277,50
48.43493318557739,50
48.21910214424133,50
48.12839299440384,50
48.344824850559235,50
48.431374967098236,50
