episode_rewards,episode_lengths
47.95388197898865,50
47.85183769464493,50
48.11770063638687,50
47.88786345720291,50
47.85510069131851,50
47.65431463718414,50
47.99038755893707,50
48.2071613073349,50
48.112778425216675,50
48.1715624332428,50
