episode_rewards,episode_lengths
40.1403403878212,50
40.256790578365326,50
40.37994998693466,50
40.110364735126495,50
40.38909566402435,50
40.638063192367554,50
40.379638612270355,50
40.46205669641495,50
40.44523894786835,50
40.39488023519516,50
