episode_rewards,episode_lengths
44.303504049777985,50
38.13717873394489,50
43.86510217189789,50
28.45267851650715,50
31.66076159477234,50
