episode_rewards,episode_lengths
47.59945100545883,50
47.685077369213104,50
47.878905177116394,50
48.27498137950897,50
48.13328433036804,50
48.14359933137894,50
48.30105930566788,50
48.27037125825882,50
48.45859920978546,50
48.337403893470764,50
