episode_rewards,episode_lengths
37.7323340177536,50
37.92165166139603,50
37.981940388679504,50
37.901683926582336,50
38.006217777729034,50
37.86285275220871,50
37.91513806581497,50
37.805359065532684,50
37.89037275314331,50
37.94883006811142,50
