episode_rewards,episode_lengths
40.58179473876953,50
23.560995042324066,50
40.788773983716965,50
20.325955986976624,50
27.72614088654518,50
