episode_rewards,episode_lengths
45.98575335741043,50
37.93059033155441,50
45.45130753517151,50
31.769217297434807,50
37.949231311678886,50
