episode_rewards,episode_lengths
46.68081712722778,50
47.75650101900101,50
47.619221210479736,50
47.70438998937607,50
47.66979640722275,50
47.65648537874222,50
47.77216058969498,50
47.708397686481476,50
47.564473152160645,50
47.53446662425995,50
