episode_rewards,episode_lengths
44.902919471263885,50
24.695080757141113,50
43.212152540683746,50
18.44983607530594,50
23.649791598320007,50
