episode_rewards,episode_lengths
49.262970209121704,50
49.588933885097504,50
49.435647785663605,50
49.460185527801514,50
49.62167054414749,50
49.52210611104965,50
49.453679382801056,50
49.208730816841125,50
49.56160354614258,50
49.56305104494095,50
