episode_rewards,episode_lengths
33.107331335544586,50
33.46150517463684,50
33.397370517253876,50
33.48778110742569,50
33.57117301225662,50
33.491276025772095,50
33.575820088386536,50
33.5673753619194,50
33.47179818153381,50
33.46765297651291,50
