episode_rewards,episode_lengths
47.20525461435318,50
39.369644463062286,50
47.498073637485504,50
33.21701696515083,50
39.92629286646843,50
