episode_rewards,episode_lengths
40.34797960519791,50
40.283574402332306,50
40.22107148170471,50
40.28969728946686,50
40.245609402656555,50
40.37433695793152,50
40.35567224025726,50
40.342439115047455,50
40.40741926431656,50
40.228511333465576,50
