episode_rewards,episode_lengths
47.749796628952026,50
47.55765920877457,50
47.39636439085007,50
47.41028052568436,50
47.82265293598175,50
48.29302281141281,50
47.722094655036926,50
48.16933977603912,50
48.15424919128418,50
46.97368407249451,50
