episode_rewards,episode_lengths
44.21211379766464,50
28.845592454075813,50
38.81088745594025,50
12.811832845211029,50
38.91982260346413,50
