episode_rewards,episode_lengths
40.24276027083397,50
31.451471716165543,50
45.03501480817795,50
19.28357671201229,50
28.748761296272278,50
