episode_rewards,episode_lengths
43.01749125123024,50
30.680363416671753,50
43.963267385959625,50
20.773886740207672,50
31.61597514152527,50
