episode_rewards,episode_lengths
48.965642750263214,50
49.19971060752869,50
49.179767310619354,50
49.39099645614624,50
49.29562854766846,50
49.38737565279007,50
49.32998937368393,50
49.21344655752182,50
49.4659583568573,50
49.49669337272644,50
