episode_rewards,episode_lengths
47.457367300987244,50
48.29619079828262,50
48.17221641540527,50
48.310888051986694,50
48.42265655994415,50
48.30818520784378,50
48.5547080039978,50
48.5167036652565,50
47.94536010026932,50
48.01623879671097,50
