episode_rewards,episode_lengths
45.093574821949005,50
44.97935616970062,50
45.30512297153473,50
45.139905989170074,50
45.158965051174164,50
45.205679416656494,50
45.236875772476196,50
45.30628842115402,50
45.16492968797684,50
45.15100508928299,50
