episode_rewards,episode_lengths
43.45203644037247,50
26.61089712381363,50
41.17804700136185,50
20.611856639385223,50
27.743612051010132,50
