episode_rewards,episode_lengths
47.530387818813324,50
48.040941298007965,50
48.1678820848465,50
48.317030906677246,50
48.42384725809097,50
48.3801047205925,50
48.23111683130264,50
48.12152224779129,50
48.25573521852493,50
48.152185559272766,50
