episode_rewards,episode_lengths
41.98640722036362,50
42.295634329319,50
41.86756211519241,50
42.00106489658356,50
41.99239206314087,50
41.98388749361038,50
42.24665606021881,50
41.863800048828125,50
42.08586984872818,50
42.26333153247833,50
