episode_rewards,episode_lengths
47.72526615858078,50
48.22487074136734,50
48.396615386009216,50
48.220921099185944,50
48.1984903216362,50
48.25100964307785,50
48.33310389518738,50
48.10222917795181,50
48.27851438522339,50
48.31747007369995,50
