episode_rewards,episode_lengths
39.23488548398018,50
25.497837722301483,50
42.73846372961998,50
17.29054355621338,50
27.18510463833809,50
