episode_rewards,episode_lengths
41.50631505250931,50
41.786825597286224,50
42.26726281642914,50
34.729365199804306,50
37.46303763985634,50
