episode_rewards,episode_lengths
43.61003124713898,50
42.341664016246796,50
43.48387008905411,50
42.7942733168602,50
42.77356678247452,50
43.6562414765358,50
42.32238322496414,50
43.84394311904907,50
42.86577355861664,50
42.08987545967102,50
