episode_rewards,episode_lengths
41.654931366443634,50
41.3195818066597,50
41.3605090379715,50
41.88792359828949,50
41.206097304821014,50
