episode_rewards,episode_lengths
41.071208000183105,50
40.74807232618332,50
40.18628805875778,50
40.303234457969666,50
40.13919359445572,50
40.02200263738632,50
40.273674726486206,50
40.084904968738556,50
40.14431393146515,50
40.26704782247543,50
