episode_rewards,episode_lengths
45.6902831196785,50
29.035373985767365,50
44.745302736759186,50
20.39068278670311,50
30.821323215961456,50
