episode_rewards,episode_lengths
40.05507427453995,50
40.113368570804596,50
40.09296137094498,50
40.16974210739136,50
40.08109629154205,50
39.97493779659271,50
40.00398749113083,50
40.05034965276718,50
39.97555065155029,50
40.04958885908127,50
