episode_rewards,episode_lengths
47.84853023290634,50
48.077640652656555,50
48.06501179933548,50
47.92377835512161,50
48.079653203487396,50
48.08037042617798,50
47.92693430185318,50
48.05525720119476,50
47.95525896549225,50
48.06877666711807,50
