episode_rewards,episode_lengths
39.81031775474548,50
39.762632608413696,50
39.92084789276123,50
39.63480746746063,50
39.739999651908875,50
39.72106432914734,50
39.72898989915848,50
39.559760093688965,50
39.632739663124084,50
39.67606037855148,50
