episode_rewards,episode_lengths
36.89769124984741,50
37.00594639778137,50
37.216253101825714,50
37.03466558456421,50
37.14150673151016,50
37.164867997169495,50
37.11965835094452,50
37.177461206912994,50
37.09096145629883,50
37.00606817007065,50
