episode_rewards,episode_lengths
43.367979526519775,50
43.395644187927246,50
43.30323773622513,50
43.45017683506012,50
43.262204587459564,50
43.34141552448273,50
43.399715065956116,50
43.516476929187775,50
43.39949572086334,50
43.44702905416489,50
