episode_rewards,episode_lengths
38.441712617874146,50
38.413981914520264,50
38.46618843078613,50
38.467185497283936,50
38.57452178001404,50
38.465334355831146,50
38.55943018198013,50
38.542796194553375,50
38.94077545404434,50
39.00469183921814,50
