episode_rewards,episode_lengths
42.388799011707306,50
36.77328625321388,50
42.93435683846474,50
30.633465588092804,50
39.729866057634354,50
