episode_rewards,episode_lengths
49.72168052196503,50
49.82051891088486,50
49.72091490030289,50
49.83098655939102,50
49.948416113853455,50
49.87023949623108,50
49.92900639772415,50
49.835645496845245,50
49.718787491321564,50
49.89000761508942,50
