episode_rewards,episode_lengths
37.083748042583466,50
36.89848309755325,50
36.91612219810486,50
36.90512657165527,50
36.94495439529419,50
36.846731424331665,50
36.82252758741379,50
36.83265244960785,50
36.78821688890457,50
36.884694278240204,50
