episode_rewards,episode_lengths
47.758188009262085,50
48.394673347473145,50
48.365900456905365,50
48.21214920282364,50
48.132748067379,50
48.27381831407547,50
48.02186858654022,50
48.25697660446167,50
47.77758139371872,50
47.80267333984375,50
