episode_rewards,episode_lengths
48.01476043462753,50
48.43789744377136,50
48.355448782444,50
48.28199344873428,50
48.560082733631134,50
48.08758080005646,50
48.274003863334656,50
48.10181015729904,50
47.40378326177597,50
48.262727081775665,50
