episode_rewards,episode_lengths
47.88513094186783,50
34.95562133193016,50
47.86293613910675,50
19.73856344819069,50
29.047649681568146,50
