episode_rewards,episode_lengths
40.207151144742966,50
40.06190550327301,50
41.4925242960453,50
37.296592235565186,50
40.06763529777527,50
