episode_rewards,episode_lengths
48.00855630636215,50
48.46264183521271,50
48.30105710029602,50
48.18897384405136,50
48.31761312484741,50
47.89810675382614,50
48.49122315645218,50
48.29556828737259,50
48.12513142824173,50
48.399031579494476,50
