episode_rewards,episode_lengths
44.045619666576385,50
44.36472988128662,50
44.22322607040405,50
44.10383892059326,50
43.61606639623642,50
