episode_rewards,episode_lengths
39.262827306985855,50
30.74905353784561,50
40.41168963909149,50
18.941379606723785,50
30.070017367601395,50
