episode_rewards,episode_lengths
41.00911125540733,50
36.75753775238991,50
41.983525574207306,50
20.84003037214279,50
28.84219726920128,50
