episode_rewards,episode_lengths
47.36870342493057,50
47.473474740982056,50
47.53424948453903,50
48.01417177915573,50
47.765660643577576,50
48.08460295200348,50
48.086565136909485,50
48.05401211977005,50
47.88932800292969,50
47.80954223871231,50
