episode_rewards,episode_lengths
47.29734218120575,50
47.52511155605316,50
47.58510214090347,50
47.187139093875885,50
47.568190932273865,50
47.66878402233124,50
47.54140222072601,50
47.72155326604843,50
47.83573442697525,50
47.71208202838898,50
