episode_rewards,episode_lengths
49.263099014759064,50
49.31084233522415,50
49.40951371192932,50
49.3667328953743,50
49.213241934776306,50
49.42817384004593,50
49.15309190750122,50
49.360047459602356,50
49.372514605522156,50
49.29286754131317,50
