episode_rewards,episode_lengths
46.71477746963501,50
46.71013283729553,50
47.02818816900253,50
46.7175794839859,50
47.75513458251953,50
47.378886222839355,50
47.33918613195419,50
47.178558707237244,50
47.22800499200821,50
47.86433136463165,50
