episode_rewards,episode_lengths
39.280924677848816,50
39.14837735891342,50
39.04241609573364,50
38.91510474681854,50
38.893414199352264,50
38.55503177642822,50
38.84534978866577,50
38.96488982439041,50
38.91592586040497,50
38.85996729135513,50
