episode_rewards,episode_lengths
47.5758039355278,50
48.406679809093475,50
48.145182609558105,50
48.24049139022827,50
48.168671667575836,50
48.148623526096344,50
48.25397402048111,50
48.28200161457062,50
48.26688200235367,50
48.19727408885956,50
