episode_rewards,episode_lengths
47.558692932128906,50
47.34761416912079,50
47.339119017124176,50
47.202931106090546,50
47.569809436798096,50
47.421072244644165,50
47.320170879364014,50
47.538462936878204,50
47.154991924762726,50
47.38609552383423,50
