episode_rewards,episode_lengths
48.70149755477905,50
48.95759505033493,50
49.05550116300583,50
49.20996409654617,50
49.2780966758728,50
49.28615641593933,50
49.209441900253296,50
49.051853597164154,50
48.802540361881256,50
48.57609015703201,50
