episode_rewards,episode_lengths
41.7877893447876,50
42.14916676282883,50
42.03814923763275,50
42.17668467760086,50
42.13388764858246,50
42.05968064069748,50
42.20454180240631,50
42.13247907161713,50
41.81728982925415,50
42.13089895248413,50
