episode_rewards,episode_lengths
47.78204542398453,50
48.461662113666534,50
48.27561539411545,50
48.20763498544693,50
48.398709535598755,50
48.27443194389343,50
47.62165766954422,50
47.16628676652908,50
47.51596039533615,50
47.976749300956726,50
