episode_rewards,episode_lengths
38.20334142446518,50
38.43129414319992,50
38.27080953121185,50
38.38518446683884,50
38.297347009181976,50
38.37059462070465,50
38.20906716585159,50
38.25889587402344,50
38.26877564191818,50
38.395891726017,50
