episode_rewards,episode_lengths
39.16203224658966,50
21.31737729907036,50
39.34316927194595,50
14.867189705371857,50
24.717263489961624,50
