episode_rewards,episode_lengths
44.159111976623535,50
28.99807259440422,50
44.781639873981476,50
19.09329253435135,50
27.326093405485153,50
