episode_rewards,episode_lengths
40.34235060214996,50
26.788103967905045,50
39.51864090561867,50
20.28224691748619,50
29.067822575569153,50
