episode_rewards,episode_lengths
49.82853037118912,50
49.6885347366333,50
49.69773769378662,50
49.67387938499451,50
49.803922176361084,50
49.85551196336746,50
49.85956120491028,50
49.7592089176178,50
49.81471437215805,50
49.6370775103569,50
