episode_rewards,episode_lengths
45.29169797897339,50
25.042352378368378,50
42.06554853916168,50
18.937952637672424,50
26.715469241142273,50
