episode_rewards,episode_lengths
40.43650031089783,50
40.32811611890793,50
40.412714064121246,50
40.47511577606201,50
40.41826921701431,50
40.606210589408875,50
40.64342159032822,50
40.48111802339554,50
40.46280074119568,50
40.607080817222595,50
