episode_rewards,episode_lengths
45.46540528535843,50
33.61244714260101,50
46.09863322973251,50
28.704726696014404,50
35.413525462150574,50
