episode_rewards,episode_lengths
43.848355531692505,50
42.84137046337128,50
44.00983011722565,50
43.6628822684288,50
43.468104898929596,50
43.462433218955994,50
43.93251591920853,50
44.0063299536705,50
43.64910852909088,50
43.6312775015831,50
