episode_rewards,episode_lengths
41.538168489933014,50
41.78310436010361,50
41.891033709049225,50
41.96643900871277,50
41.868535935878754,50
41.95497137308121,50
41.811686635017395,50
41.76211941242218,50
41.660302221775055,50
41.80020886659622,50
