episode_rewards,episode_lengths
48.46257799863815,50
48.54799407720566,50
48.40087968111038,50
48.4937618970871,50
48.65525370836258,50
48.507976830005646,50
48.96972072124481,50
48.400541961193085,50
48.63227778673172,50
48.135119795799255,50
