episode_rewards,episode_lengths
39.56074392795563,50
21.235584646463394,50
38.429295003414154,50
12.18246465921402,50
24.66476708650589,50
