episode_rewards,episode_lengths
46.83354353904724,50
47.87966704368591,50
48.09252667427063,50
48.013494431972504,50
47.93734699487686,50
48.14125204086304,50
47.99106967449188,50
47.919761538505554,50
48.03017169237137,50
48.055927097797394,50
