episode_rewards,episode_lengths
43.5278137922287,50
43.14637666940689,50
43.1982216835022,50
43.506579995155334,50
43.086437702178955,50
