episode_rewards,episode_lengths
47.663079023361206,50
48.12287360429764,50
48.19165766239166,50
48.36868500709534,50
48.25877368450165,50
48.21672785282135,50
48.47041642665863,50
48.311918556690216,50
48.21996062994003,50
48.18764579296112,50
