episode_rewards,episode_lengths
38.201721131801605,50
38.19507813453674,50
38.18421471118927,50
38.22259545326233,50
38.18504101037979,50
38.32081401348114,50
38.62496209144592,50
38.60759389400482,50
38.59631961584091,50
38.54515594244003,50
