episode_rewards,episode_lengths
47.480463445186615,50
48.22446274757385,50
48.28427618741989,50
48.135781824588776,50
47.5219846367836,50
47.88117337226868,50
48.18647539615631,50
47.939860820770264,50
48.155150413513184,50
48.04431772232056,50
