episode_rewards,episode_lengths
47.56849956512451,50
48.59250259399414,50
47.84381055831909,50
48.3233585357666,50
48.45577836036682,50
48.41909205913544,50
48.26166981458664,50
48.380945444107056,50
48.23223900794983,50
48.23458957672119,50
