episode_rewards,episode_lengths
37.45425474643707,50
28.788588747382164,50
37.91281509399414,50
17.70802080631256,50
24.4831640124321,50
