episode_rewards,episode_lengths
40.184997856616974,50
40.09279245138168,50
40.020218908786774,50
40.226996302604675,50
40.10470002889633,50
40.361586570739746,50
40.25120437145233,50
40.39636433124542,50
40.35617393255234,50
40.14571666717529,50
