episode_rewards,episode_lengths
44.631978034973145,50
44.55703788995743,50
44.53745937347412,50
44.688472628593445,50
44.70382410287857,50
44.701877892017365,50
44.758272767066956,50
44.62147510051727,50
44.48149889707565,50
44.612785279750824,50
