episode_rewards,episode_lengths
47.46992564201355,50
47.864372193813324,50
46.8458166718483,50
48.35908621549606,50
48.218174040317535,50
48.19404846429825,50
48.156261920928955,50
48.29617369174957,50
48.380398988723755,50
48.269406735897064,50
