episode_rewards,episode_lengths
41.52572339773178,50
35.86027044057846,50
40.97946909070015,50
27.651634991168976,50
19.852429270744324,50
